age,income,product_line,prev_purchase,region,tos(m),day
19,$63352.47,office_suite,no,midwest,450,mon
42,$247661.44,office_suite,no,west,193,sun
63,$171313.72,office_suite,no,west,254,sun
84,$30246.89,office_suite,yes,south,411,tue
13,$188223.69,office_suite,no,northeast,378,wed
22,$222742.4,office_suite,yes,west,456,wed
17,$239684.73,office_suite,no,south,23,thu
15,$82764.13,office_suite,no,northeast,104,sun
39,$45653.19,office_suite,yes,northeast,409,tue
81,$194375.66,office_suite,yes,west,194,fri
36,$199484.85,office_suite,no,south,208,thu
49,$207696.57,office_suite,no,midwest,303,mon
22,$154347.02,office_suite,no,south,230,sat
39,$57423.24,office_suite,no,south,472,sun
34,$24624.23,office_suite,no,midwest,61,fri
27,$130371.85,office_suite,no,northeast,79,wed
23,$117222.96,office_suite,no,midwest,71,sat
35,$196103.19,office_suite,yes,northeast,175,mon
71,$38984.16,office_suite,yes,northeast,406,tue
13,$189929.27,office_suite,yes,west,201,tue
75,$203978.5,office_suite,no,west,107,wed
82,$235951.04,office_suite,yes,northeast,407,sat
27,$195317.54,office_suite,yes,northeast,90,sat
62,$90362.22,office_suite,yes,northeast,185,thu
21,$23666.34,office_suite,yes,south,254,sat
73,$139247.27,office_suite,yes,west,143,fri
39,$83146.55,office_suite,yes,south,471,thu
28,$201023.9,office_suite,yes,west,251,sat
69,$106682.51,office_suite,no,west,452,mon
34,$187970.06,office_suite,yes,south,498,wed
69,$174748.61,office_suite,no,midwest,342,sat
40,$1668.51,office_suite,no,northeast,399,sun
75,$29784.31,office_suite,yes,west,133,fri
54,$124222.34,office_suite,no,west,482,fri
20,$2235.25,office_suite,no,midwest,244,wed
59,$39781.27,office_suite,no,midwest,350,sat
30,$212278.36,office_suite,yes,midwest,433,mon
81,$109406.89,office_suite,yes,northeast,63,sat
52,$164887.09,office_suite,no,south,34,fri
32,$196609.8,office_suite,yes,midwest,123,fri
29,$49238.94,office_suite,no,south,215,thu
63,$6726.54,office_suite,no,west,311,fri
28,$97650.38,office_suite,no,midwest,151,fri
40,$39977.26,office_suite,yes,west,432,wed
49,$214376.46,office_suite,no,midwest,161,thu
32,$107032.14,office_suite,yes,west,127,wed
53,$24295.58,office_suite,yes,northeast,287,wed
72,$89461.0,office_suite,no,south,225,fri
48,$13401.95,office_suite,yes,midwest,27,fri
47,$49153.77,office_suite,no,midwest,248,fri
50,$13232.84,office_suite,no,south,225,tue
77,$131327.25,office_suite,no,northeast,17,thu
76,$21096.5,office_suite,yes,west,446,fri
33,$852.06,office_suite,yes,northeast,164,wed
17,$170140.57,office_suite,no,west,95,tue
75,$46250.99,office_suite,yes,south,473,wed
34,$121294.74,office_suite,no,west,39,thu
36,$229151.92,office_suite,yes,northeast,350,mon
37,$182307.7,office_suite,yes,midwest,135,mon
34,$25343.01,office_suite,no,south,438,sat
66,$233618.26,office_suite,no,northeast,345,thu
61,$79723.7,office_suite,no,northeast,183,wed
14,$34277.28,office_suite,no,midwest,143,wed
50,$249778.67,office_suite,yes,west,308,mon
40,$70134.84,office_suite,yes,south,374,mon
24,$122658.6,office_suite,no,west,416,fri
31,$124810.41,office_suite,yes,northeast,199,sat
56,$61718.95,office_suite,yes,midwest,383,wed
53,$81597.86,office_suite,yes,south,235,mon
51,$213562.51,office_suite,yes,west,363,thu
49,$31512.94,office_suite,no,midwest,442,tue
73,$19788.76,office_suite,yes,south,173,sat
30,$64130.64,office_suite,yes,northeast,39,tue
38,$229429.03,office_suite,yes,west,74,thu
72,$66720.14,office_suite,yes,northeast,23,tue
66,$11372.3,office_suite,no,midwest,226,tue
31,$82182.45,office_suite,yes,west,289,mon
39,$204708.17,office_suite,yes,northeast,458,sat
13,$163999.4,office_suite,no,northeast,50,sat
24,$95081.84,office_suite,no,west,185,mon
36,$139565.49,office_suite,yes,south,383,fri
59,$143661.42,office_suite,yes,west,427,sun
15,$196729.98,office_suite,no,south,72,sat
36,$219130.61,office_suite,no,west,172,wed
85,$144496.02,office_suite,no,west,257,sun
50,$227668.45,office_suite,yes,south,60,fri
65,$157309.66,office_suite,no,south,128,sat
47,$128958.72,office_suite,no,south,181,mon
58,$139139.65,office_suite,no,west,209,fri
13,$60120.8,office_suite,yes,northeast,307,mon
65,$84670.49,office_suite,no,northeast,102,wed
47,$39522.48,office_suite,no,midwest,150,sat
42,$35442.67,office_suite,no,west,58,wed
50,$163406.3,office_suite,yes,northeast,389,thu
60,$191643.49,office_suite,no,west,28,sat
49,$196344.66,office_suite,no,midwest,226,tue
54,$72228.09,office_suite,no,northeast,392,mon
70,$83065.86,office_suite,no,south,205,wed
39,$62835.44,office_suite,yes,west,409,sat
16,$241112.88,office_suite,no,south,452,sat
13,$184366.25,office_suite,yes,northeast,448,tue
80,$70331.75,office_suite,no,west,215,sat
41,$162837.68,office_suite,no,south,499,sun
31,$15993.68,office_suite,no,midwest,215,mon
64,$78329.7,office_suite,yes,west,346,mon
22,$203835.36,office_suite,yes,northeast,307,sat
37,$88314.92,office_suite,yes,west,17,sun
75,$76778.11,office_suite,yes,west,253,sat
28,$211169.06,office_suite,yes,northeast,140,fri
84,$140000.26,office_suite,no,midwest,351,fri
77,$108186.63,office_suite,yes,midwest,494,tue
24,$40468.84,office_suite,yes,midwest,400,tue
14,$226116.49,office_suite,no,midwest,464,fri
29,$85320.75,office_suite,no,south,428,fri
48,$34599.72,office_suite,no,west,236,wed
28,$194006.98,office_suite,no,south,388,fri
63,$107770.16,office_suite,yes,midwest,162,sat
66,$166505.59,office_suite,yes,midwest,281,wed
21,$21365.99,office_suite,no,west,24,mon
18,$164446.42,office_suite,no,midwest,174,thu
46,$71915.28,office_suite,no,northeast,121,thu
14,$61092.62,office_suite,yes,west,415,wed
18,$142880.17,office_suite,yes,south,141,sun
30,$204609.58,office_suite,no,west,126,sat
64,$203477.53,office_suite,no,northeast,271,fri
15,$14967.26,office_suite,yes,south,123,sat
67,$212111.26,office_suite,yes,south,440,mon
83,$132904.86,office_suite,no,midwest,424,thu
83,$95661.59,office_suite,yes,midwest,187,sun
39,$83255.21,office_suite,yes,west,121,fri
46,$218729.68,office_suite,yes,northeast,426,wed
58,$137320.8,office_suite,no,midwest,87,sun
24,$117123.35,office_suite,no,west,241,tue
42,$86957.12,office_suite,no,south,4,thu
83,$147479.88,office_suite,no,midwest,318,thu
62,$193522.78,office_suite,no,west,138,tue
40,$217373.01,office_suite,yes,northeast,325,sun
78,$229542.95,office_suite,no,northeast,375,mon
30,$216056.3,office_suite,yes,south,390,sun
47,$79537.14,office_suite,yes,midwest,55,mon
62,$203022.94,office_suite,yes,midwest,32,mon
24,$249954.58,office_suite,no,midwest,197,sun
26,$186746.63,office_suite,yes,northeast,12,wed
43,$214180.22,office_suite,yes,midwest,119,tue
27,$224108.78,office_suite,no,south,273,tue
59,$230474.71,office_suite,no,midwest,89,sun
68,$17877.12,office_suite,yes,northeast,439,sun
51,$173672.66,office_suite,yes,northeast,296,fri
78,$108431.21,office_suite,yes,northeast,445,thu
35,$242303.0,office_suite,yes,south,167,thu
53,$44629.79,office_suite,yes,south,121,thu
73,$220257.43,office_suite,no,west,33,mon
13,$108113.24,office_suite,no,south,189,sun
65,$49186.29,office_suite,yes,south,247,sat
60,$225159.57,office_suite,yes,midwest,144,thu
25,$22817.01,office_suite,no,northeast,372,tue
43,$1453.96,office_suite,yes,west,178,sun
66,$68555.17,office_suite,no,midwest,92,sun
28,$225991.37,office_suite,no,south,409,fri
31,$196716.25,office_suite,yes,northeast,476,fri
61,$47137.19,office_suite,no,west,57,sat
69,$179441.19,office_suite,no,west,461,sun
31,$80711.24,office_suite,no,west,390,thu
44,$182081.49,office_suite,yes,midwest,495,sun
61,$109077.69,office_suite,yes,west,393,mon
14,$134997.11,office_suite,no,south,422,fri
40,$118777.51,office_suite,yes,midwest,176,thu
36,$4930.97,office_suite,yes,northeast,489,tue
64,$16567.96,office_suite,no,northeast,248,tue
54,$141395.26,office_suite,no,midwest,409,fri
64,$140190.28,office_suite,yes,northeast,89,sat
50,$41053.5,office_suite,no,west,316,thu
32,$124481.74,office_suite,yes,south,27,thu
54,$20517.22,office_suite,no,west,380,sun
52,$207502.19,office_suite,yes,northeast,290,sun
27,$23159.56,office_suite,no,midwest,315,tue
53,$243694.0,office_suite,no,south,286,mon
37,$57547.58,office_suite,no,south,383,mon
63,$38366.15,office_suite,yes,south,324,wed
30,$243293.03,office_suite,no,south,250,sat
14,$38779.25,office_suite,yes,south,406,tue
25,$167133.3,office_suite,no,midwest,469,sat
21,$230901.45,office_suite,yes,west,218,sun
34,$81105.26,office_suite,no,south,62,tue
24,$23596.3,office_suite,yes,west,167,wed
57,$2995.34,office_suite,yes,west,400,fri
44,$113691.79,office_suite,yes,west,201,thu
15,$50145.72,office_suite,no,northeast,285,sat
59,$241072.0,office_suite,no,midwest,175,tue
25,$164870.29,office_suite,yes,northeast,238,wed
50,$47832.05,office_suite,yes,west,83,mon
20,$144897.24,office_suite,no,west,384,wed
39,$211267.93,office_suite,yes,west,73,mon
45,$73634.18,office_suite,no,west,121,fri
85,$61210.0,office_suite,no,south,320,sat
79,$60894.85,office_suite,no,west,271,mon
26,$177855.96,office_suite,no,west,307,fri
83,$118588.99,office_suite,no,west,387,mon
85,$63570.08,office_suite,yes,northeast,263,thu
83,$154341.01,office_suite,no,south,235,mon
13,$157503.24,office_suite,no,midwest,380,wed
35,$137840.42,office_suite,yes,northeast,403,sat
58,$249568.78,office_suite,no,northeast,418,mon
20,$5761.2,office_suite,yes,midwest,213,wed
48,$180049.13,office_suite,yes,west,265,fri
61,$224738.54,office_suite,yes,midwest,225,mon
54,$204909.73,office_suite,yes,south,405,sat
76,$41319.34,office_suite,no,south,256,wed
32,$40070.76,office_suite,no,south,482,sun
81,$102448.04,office_suite,no,south,19,fri
71,$207303.46,office_suite,yes,south,188,thu
22,$85469.97,office_suite,yes,west,8,sun
59,$15696.16,office_suite,no,midwest,73,thu
76,$213683.29,office_suite,yes,south,445,thu
13,$149236.37,office_suite,no,northeast,74,mon
74,$94264.96,office_suite,no,midwest,482,sat
73,$222387.64,office_suite,yes,midwest,123,wed
78,$30000.77,office_suite,no,south,64,wed
85,$191571.69,office_suite,no,northeast,421,thu
32,$111278.5,office_suite,no,northeast,95,fri
71,$184853.34,office_suite,no,south,100,fri
78,$100091.87,office_suite,no,midwest,363,thu
32,$61564.01,office_suite,no,south,415,tue
52,$190397.16,office_suite,no,west,184,tue
34,$52679.2,office_suite,no,northeast,498,sun
45,$92061.85,office_suite,yes,midwest,121,sat
77,$57176.8,office_suite,no,northeast,82,wed
27,$11554.3,office_suite,yes,northeast,13,sun
85,$235815.39,office_suite,yes,midwest,155,fri
13,$24847.21,office_suite,yes,west,79,fri
82,$138466.1,office_suite,yes,midwest,10,tue
38,$149519.75,office_suite,yes,south,338,thu
62,$63190.84,office_suite,no,northeast,192,thu
74,$6143.88,office_suite,yes,south,496,sun
66,$138737.34,office_suite,yes,south,199,sat
56,$105522.02,office_suite,no,northeast,136,fri
30,$133971.43,office_suite,no,northeast,40,sun
37,$157822.53,office_suite,yes,west,154,fri
48,$217545.98,office_suite,no,midwest,116,wed
31,$27108.28,office_suite,no,south,474,sat
83,$209106.43,office_suite,no,northeast,66,tue
65,$117413.41,office_suite,yes,midwest,422,sat
82,$190485.28,office_suite,yes,midwest,207,tue
43,$69456.36,office_suite,yes,south,201,sun
20,$79333.74,office_suite,no,northeast,63,thu
80,$202431.53,office_suite,no,west,462,tue
71,$163045.86,office_suite,yes,midwest,186,fri
23,$90718.86,office_suite,no,south,485,sat
83,$7282.76,office_suite,yes,northeast,93,sat
63,$182152.31,office_suite,no,midwest,417,sun
24,$65965.33,office_suite,no,west,208,wed
55,$73337.78,office_suite,yes,west,205,sat
77,$72977.4,office_suite,no,south,482,sat
53,$134260.13,office_suite,yes,south,475,mon
25,$108648.75,office_suite,yes,midwest,329,fri
80,$55112.78,office_suite,yes,west,365,thu
47,$175108.85,office_suite,yes,south,11,sat
41,$237040.16,office_suite,yes,northeast,85,wed
68,$41304.39,office_suite,no,midwest,86,mon
79,$117404.03,office_suite,yes,south,271,sun
46,$140432.89,office_suite,no,south,295,sat
71,$161469.54,office_suite,yes,midwest,74,sun
53,$39594.45,office_suite,no,midwest,419,tue
85,$195672.42,office_suite,no,south,137,sun
70,$169983.08,office_suite,yes,south,443,sun
28,$231715.86,office_suite,no,northeast,193,tue
52,$1785.72,office_suite,no,northeast,2,mon
39,$96121.95,office_suite,no,south,424,tue
59,$64695.04,office_suite,no,south,480,fri
81,$178989.75,office_suite,no,midwest,202,mon
34,$17980.53,office_suite,yes,northeast,417,sat
41,$76166.57,office_suite,no,west,373,wed
66,$92772.52,office_suite,no,midwest,443,tue
73,$234021.28,office_suite,no,south,440,thu
25,$116989.04,office_suite,yes,northeast,455,tue
48,$210128.31,office_suite,yes,south,303,wed
73,$76251.79,office_suite,no,northeast,266,fri
52,$168906.82,office_suite,yes,northeast,432,thu
77,$225192.65,office_suite,yes,west,198,sun
41,$243361.99,office_suite,yes,west,344,mon
51,$224828.49,office_suite,no,south,71,wed
81,$248329.32,office_suite,yes,midwest,62,sat
65,$224733.06,office_suite,no,northeast,393,sat
85,$46107.48,office_suite,yes,midwest,307,wed
26,$44531.11,office_suite,yes,northeast,198,thu
15,$71692.57,office_suite,no,south,361,mon
66,$243092.4,office_suite,yes,midwest,376,mon
58,$109619.02,office_suite,yes,northeast,9,tue
38,$6654.5,office_suite,no,west,113,fri
53,$34195.56,office_suite,no,northeast,231,tue
66,$70582.19,office_suite,no,west,425,fri
65,$239925.32,office_suite,no,west,68,sun
83,$65928.78,office_suite,no,northeast,214,thu
55,$244881.04,office_suite,yes,south,318,sun
56,$135953.21,office_suite,no,west,308,mon
17,$132017.77,office_suite,no,south,287,sat
47,$6336.09,office_suite,no,midwest,301,thu
38,$188559.83,office_suite,yes,south,380,thu
21,$231958.36,office_suite,no,northeast,495,tue
53,$196928.42,office_suite,no,west,238,sat
48,$247487.68,office_suite,no,west,341,mon
65,$83177.31,office_suite,yes,south,227,thu
15,$111589.85,office_suite,yes,northeast,389,thu
30,$217929.67,office_suite,yes,midwest,185,wed
16,$128249.68,office_suite,no,northeast,49,fri
77,$239790.27,office_suite,yes,west,354,wed
23,$187659.81,office_suite,no,south,40,fri
64,$167755.8,office_suite,yes,west,371,sun
47,$4897.86,office_suite,no,west,320,wed
31,$163171.69,office_suite,yes,midwest,80,sun
49,$180690.84,office_suite,yes,south,246,sun
45,$163413.04,office_suite,yes,west,260,fri
26,$126482.31,office_suite,yes,midwest,155,sat
82,$80686.79,office_suite,yes,northeast,346,wed
49,$100845.62,office_suite,yes,south,442,wed
83,$28019.02,office_suite,yes,west,155,thu
30,$134597.51,office_suite,yes,west,210,sat
66,$39671.77,office_suite,yes,south,450,wed
81,$123460.78,office_suite,no,south,357,fri
63,$245151.92,office_suite,no,northeast,298,thu
13,$3884.83,office_suite,yes,midwest,296,sat
31,$52734.44,office_suite,yes,midwest,494,sun
50,$29980.55,office_suite,no,northeast,307,sun
57,$207198.52,office_suite,no,south,422,fri
23,$38660.36,office_suite,no,midwest,16,sun
27,$84898.17,office_suite,no,south,59,mon
66,$194367.37,office_suite,yes,midwest,125,fri
83,$224644.81,office_suite,yes,south,153,sat
48,$166079.08,office_suite,no,northeast,446,wed
59,$163549.6,office_suite,no,midwest,330,sun
43,$209636.79,office_suite,no,south,195,sun
42,$36528.42,office_suite,yes,west,116,wed
58,$88036.23,office_suite,no,west,52,sun
42,$48623.45,office_suite,yes,west,486,sat
54,$83315.77,office_suite,no,midwest,442,sun
26,$102811.01,office_suite,no,south,477,sat
33,$358.89,office_suite,yes,midwest,134,sun
71,$20661.04,office_suite,no,midwest,235,thu
70,$229112.41,office_suite,yes,south,141,fri
40,$165213.37,office_suite,no,midwest,173,sun
48,$163799.27,office_suite,yes,west,414,sun
56,$61683.55,office_suite,no,midwest,33,thu
69,$85009.17,office_suite,yes,south,104,thu
78,$61550.68,office_suite,no,south,464,wed
61,$132301.04,office_suite,yes,west,98,thu
75,$147084.99,office_suite,no,northeast,465,sun
82,$148924.5,office_suite,no,northeast,169,sun
53,$19648.1,office_suite,yes,midwest,300,tue
56,$128868.48,office_suite,no,south,482,wed
37,$21848.16,office_suite,yes,northeast,407,sat
37,$45579.97,office_suite,yes,west,182,wed
67,$244925.6,office_suite,no,south,77,fri
25,$191910.46,office_suite,yes,midwest,481,sat
38,$183922.45,office_suite,yes,midwest,177,wed
35,$26563.0,office_suite,yes,south,143,sun
41,$76172.26,office_suite,no,northeast,209,fri
63,$73264.51,office_suite,no,west,273,wed
15,$185625.58,office_suite,no,northeast,166,fri
16,$43151.58,office_suite,no,west,430,wed
75,$140570.3,office_suite,no,south,12,tue
30,$232843.76,office_suite,yes,south,297,sun
21,$143632.48,office_suite,yes,midwest,275,fri
78,$20436.62,office_suite,no,south,5,fri
63,$8779.1,office_suite,no,northeast,351,sat
85,$91986.82,office_suite,no,northeast,477,sat
84,$42873.0,office_suite,yes,south,344,mon
55,$130674.39,office_suite,no,northeast,139,sat
71,$231069.11,office_suite,yes,midwest,441,wed
79,$98079.65,office_suite,no,northeast,168,thu
55,$138771.82,office_suite,no,south,9,sat
56,$195637.31,office_suite,yes,midwest,125,sun
40,$60035.85,office_suite,no,northeast,472,tue
81,$121900.3,office_suite,yes,south,276,sat
47,$165252.38,office_suite,yes,west,50,mon
85,$186022.74,office_suite,no,northeast,78,wed
46,$230108.8,office_suite,no,northeast,351,mon
78,$20125.87,office_suite,no,west,451,sun
62,$197093.53,office_suite,yes,northeast,482,fri
41,$184221.76,office_suite,yes,west,183,sat
46,$111169.98,office_suite,no,midwest,393,thu
48,$184709.85,office_suite,no,west,202,wed
18,$123843.3,office_suite,no,west,459,tue
35,$47814.62,office_suite,no,northeast,211,tue
44,$174706.47,office_suite,no,midwest,30,tue
45,$233468.67,office_suite,yes,midwest,110,tue
25,$141387.83,office_suite,no,midwest,342,sat
48,$25660.65,office_suite,no,west,63,tue
74,$12271.55,office_suite,yes,midwest,269,mon
15,$97728.76,office_suite,no,west,232,tue
80,$166295.48,office_suite,no,northeast,359,wed
41,$59870.0,office_suite,no,south,59,thu
30,$206481.88,office_suite,no,midwest,2,tue
31,$91687.31,office_suite,yes,west,302,sun
66,$76706.63,office_suite,no,midwest,44,wed
26,$129762.81,office_suite,no,midwest,274,sun
46,$176641.78,office_suite,no,west,100,tue
80,$1492.37,office_suite,yes,midwest,332,sun
40,$218285.86,office_suite,yes,northeast,243,mon
48,$216437.77,office_suite,no,northeast,178,fri
59,$232430.97,office_suite,no,northeast,306,wed
41,$244251.94,office_suite,no,midwest,214,sun
13,$135385.61,office_suite,no,northeast,451,wed
22,$115863.18,office_suite,no,west,81,thu
59,$88928.29,office_suite,yes,midwest,104,wed
69,$170023.59,office_suite,yes,midwest,201,sat
65,$44567.5,office_suite,yes,south,496,wed
71,$66973.78,office_suite,yes,west,357,sat
52,$47196.02,office_suite,no,midwest,70,sun
66,$70475.37,office_suite,yes,midwest,167,wed
35,$93183.83,office_suite,yes,west,477,sat
56,$208867.5,office_suite,no,west,318,tue
64,$32510.96,office_suite,no,west,159,mon
15,$35656.19,office_suite,yes,northeast,284,mon
36,$172317.63,office_suite,no,midwest,397,fri
28,$219682.1,office_suite,yes,west,286,wed
47,$87037.41,office_suite,no,west,344,tue
70,$207964.94,office_suite,yes,northeast,231,wed
76,$211404.06,office_suite,yes,midwest,338,thu
57,$120402.17,office_suite,yes,south,331,sat
27,$77977.77,office_suite,no,west,372,fri
21,$39514.15,office_suite,yes,midwest,8,fri
17,$129814.22,office_suite,no,northeast,227,tue
62,$108987.41,office_suite,yes,midwest,2,wed
84,$104154.68,office_suite,yes,northeast,421,mon
74,$235596.65,office_suite,yes,midwest,459,mon
82,$21741.04,office_suite,yes,midwest,99,mon
60,$153830.92,office_suite,no,northeast,376,mon
29,$48614.0,office_suite,yes,south,331,sun
75,$220936.55,office_suite,no,northeast,80,wed
61,$194922.57,office_suite,no,west,56,fri
60,$208017.55,office_suite,no,northeast,446,sat
76,$249840.04,office_suite,no,northeast,394,sat
61,$155315.13,office_suite,no,south,71,wed
60,$183831.25,office_suite,yes,midwest,376,wed
46,$66453.93,office_suite,yes,midwest,154,sat
74,$202297.54,office_suite,no,northeast,149,mon
54,$26929.58,office_suite,no,northeast,30,sat
48,$1869.43,office_suite,no,northeast,371,sat
74,$7963.52,office_suite,no,south,317,mon
35,$65832.51,office_suite,yes,south,340,thu
17,$178.78,office_suite,no,northeast,180,sat
70,$5930.82,office_suite,yes,west,57,wed
13,$214793.54,office_suite,no,northeast,290,sun
41,$209870.47,office_suite,yes,northeast,23,mon
75,$168640.13,office_suite,no,west,326,thu
37,$161209.89,office_suite,no,west,30,sun
28,$138989.66,office_suite,yes,midwest,190,tue
39,$221814.32,office_suite,yes,south,78,sun
51,$81398.79,office_suite,yes,northeast,73,wed
23,$143149.01,office_suite,yes,west,17,thu
54,$99938.95,office_suite,yes,midwest,486,wed
74,$237677.11,office_suite,yes,south,23,wed
80,$112933.59,office_suite,no,west,459,tue
51,$37701.9,office_suite,no,west,115,thu
49,$186854.51,office_suite,no,midwest,289,wed
29,$131310.26,office_suite,no,midwest,470,sat
80,$240545.39,office_suite,no,midwest,344,wed
30,$148740.83,office_suite,yes,south,44,sun
45,$205154.7,office_suite,no,south,101,mon
64,$144654.46,office_suite,no,midwest,224,thu
45,$114864.93,office_suite,yes,south,91,tue
59,$103379.86,office_suite,no,northeast,180,wed
42,$78429.06,office_suite,yes,south,183,sat
20,$32265.2,office_suite,yes,south,241,fri
39,$159065.5,office_suite,yes,west,227,mon
30,$30690.71,office_suite,no,northeast,162,tue
45,$189992.85,office_suite,no,south,231,thu
38,$92167.41,office_suite,no,west,189,fri
80,$12086.38,office_suite,yes,west,285,sat
14,$163989.51,office_suite,no,midwest,236,fri
70,$55157.0,office_suite,yes,west,220,sun
51,$158703.87,office_suite,no,midwest,217,mon
33,$195599.29,office_suite,no,midwest,376,thu
51,$232586.92,office_suite,no,northeast,58,tue
23,$74011.65,office_suite,yes,west,416,fri
23,$171245.35,office_suite,no,northeast,322,thu
19,$3583.35,office_suite,no,northeast,380,mon
27,$120106.82,office_suite,yes,west,31,sat
68,$181632.27,office_suite,no,south,232,thu
77,$146239.53,office_suite,yes,south,203,sat
45,$20818.05,office_suite,no,midwest,354,thu
41,$126339.01,office_suite,yes,midwest,396,wed
58,$155225.2,office_suite,no,west,301,sun
76,$147603.56,office_suite,no,south,357,fri
49,$200023.12,office_suite,no,midwest,60,wed
37,$123888.82,office_suite,yes,northeast,220,tue
59,$241755.12,office_suite,yes,south,269,thu
31,$6250.89,office_suite,no,west,226,tue
63,$248210.88,office_suite,no,northeast,203,tue
18,$145910.85,office_suite,yes,south,59,thu
19,$67032.05,office_suite,no,west,148,tue
28,$48520.42,office_suite,no,west,19,sat
28,$54230.61,office_suite,no,northeast,225,fri
66,$240571.05,office_suite,yes,west,155,sun
38,$226261.3,office_suite,no,northeast,2,tue
41,$96995.38,office_suite,no,south,93,sat
33,$150879.54,office_suite,yes,midwest,380,tue
54,$229210.1,office_suite,no,south,421,thu
79,$23398.19,office_suite,no,south,70,tue
14,$159378.48,office_suite,no,west,256,wed
76,$123458.79,office_suite,no,midwest,188,sun
75,$10395.45,office_suite,no,south,322,thu
43,$20247.31,office_suite,yes,midwest,110,mon
57,$212132.74,office_suite,no,south,358,wed
55,$142502.74,office_suite,no,west,157,mon
84,$89005.36,office_suite,no,west,306,thu
81,$40811.51,office_suite,yes,northeast,45,mon
70,$245489.53,office_suite,no,midwest,227,mon
28,$147293.24,office_suite,no,northeast,363,tue
28,$756.53,office_suite,no,midwest,480,fri
30,$27690.71,office_suite,yes,south,119,fri
14,$233748.68,office_suite,no,south,245,thu
82,$70546.35,office_suite,yes,west,129,sat
53,$203001.66,office_suite,no,west,330,sat
70,$219562.83,office_suite,no,midwest,165,thu
74,$143568.24,office_suite,yes,south,148,fri
46,$167101.92,office_suite,no,midwest,72,wed
77,$114089.91,office_suite,yes,northeast,483,wed
58,$34716.41,office_suite,yes,midwest,419,sun
25,$81433.67,office_suite,yes,south,482,mon
32,$240000.08,office_suite,yes,west,441,mon
79,$170122.63,office_suite,yes,midwest,250,wed
36,$116455.3,office_suite,no,west,95,mon
59,$74471.3,office_suite,no,midwest,481,tue
28,$160266.89,office_suite,no,west,107,fri
69,$181095.06,office_suite,no,midwest,309,sat
74,$201207.61,office_suite,yes,south,322,wed
66,$240522.85,office_suite,yes,midwest,221,tue
44,$124983.9,office_suite,yes,northeast,283,mon
58,$24489.88,office_suite,yes,south,264,tue
40,$90149.08,office_suite,yes,south,234,fri
56,$27798.26,office_suite,no,northeast,448,sat
64,$91745.44,office_suite,no,northeast,410,fri
59,$111220.21,office_suite,yes,west,213,mon
21,$184567.07,office_suite,no,northeast,233,wed
77,$51545.27,office_suite,yes,west,203,thu
46,$36859.36,office_suite,yes,northeast,453,mon
80,$57621.37,office_suite,yes,midwest,284,sat
22,$80193.39,office_suite,yes,south,308,wed
80,$234830.7,office_suite,yes,midwest,212,thu
18,$234642.6,office_suite,yes,northeast,215,mon
60,$102271.01,office_suite,no,northeast,69,mon
38,$220181.33,office_suite,no,west,386,mon
46,$139717.04,office_suite,yes,south,420,sat
75,$176278.58,office_suite,yes,south,290,thu
73,$224326.51,office_suite,yes,midwest,165,sun
13,$20678.19,office_suite,no,west,280,sat
32,$52543.76,office_suite,no,west,341,fri
52,$192994.0,office_suite,no,northeast,280,thu
79,$96942.38,office_suite,yes,west,262,fri
59,$190723.77,office_suite,yes,northeast,123,wed
43,$45403.81,office_suite,no,midwest,101,sat
27,$94629.16,office_suite,yes,south,363,tue
71,$98742.66,office_suite,yes,west,363,fri
45,$114947.83,office_suite,no,northeast,388,sun
23,$196231.16,office_suite,yes,northeast,268,fri
19,$245567.79,office_suite,yes,west,99,sat
49,$112490.02,office_suite,yes,west,93,sat
59,$227862.72,office_suite,no,midwest,307,mon
20,$243968.01,office_suite,yes,west,332,thu
73,$55826.32,office_suite,yes,south,259,sun
42,$204409.38,office_suite,no,south,136,tue
18,$149305.91,office_suite,yes,midwest,137,fri
14,$145628.41,office_suite,no,south,432,wed
49,$148790.96,office_suite,no,south,367,sun
34,$217451.97,office_suite,no,south,352,thu
66,$232479.06,office_suite,yes,northeast,308,mon
47,$232804.0,office_suite,no,south,22,mon
84,$28408.52,office_suite,yes,south,309,wed
18,$69530.85,office_suite,no,south,46,sun
59,$194176.49,office_suite,yes,northeast,129,tue
30,$14235.68,office_suite,no,west,377,sun
63,$187918.6,office_suite,yes,south,454,sun
32,$195446.45,office_suite,no,west,201,wed
20,$207840.08,office_suite,yes,midwest,218,wed
15,$105238.23,office_suite,no,south,395,tue
37,$118965.24,office_suite,no,northeast,269,fri
60,$41064.91,office_suite,yes,northeast,43,mon
75,$170497.6,office_suite,yes,midwest,3,sat
16,$186314.99,office_suite,yes,south,182,tue
24,$193824.36,office_suite,yes,midwest,178,sat
42,$125016.98,office_suite,no,south,330,fri
13,$94211.89,office_suite,yes,northeast,404,mon
44,$43604.87,office_suite,no,midwest,183,mon
45,$81862.44,office_suite,no,west,271,mon
77,$66428.25,office_suite,yes,south,298,sat
40,$206188.2,office_suite,yes,midwest,361,mon
53,$174382.99,office_suite,no,northeast,497,mon
68,$39753.65,office_suite,yes,northeast,250,thu
47,$46948.62,office_suite,yes,west,14,tue
64,$157031.57,office_suite,yes,west,96,sun
37,$101687.65,office_suite,yes,west,425,wed
75,$102085.11,office_suite,yes,northeast,351,sun
45,$102630.41,office_suite,no,west,489,thu
81,$188972.44,office_suite,yes,northeast,181,thu
52,$176216.64,office_suite,yes,northeast,147,sun
25,$63672.11,office_suite,yes,south,216,fri
24,$89017.69,office_suite,no,south,28,sun
42,$2304.21,office_suite,yes,midwest,425,sun
52,$136281.81,office_suite,no,northeast,124,thu
16,$87888.31,office_suite,no,south,91,sun
54,$49705.18,office_suite,no,west,459,thu
33,$32256.32,office_suite,no,south,247,sun
15,$236839.54,office_suite,yes,northeast,137,tue
61,$78391.84,office_suite,no,west,62,thu
37,$47424.46,office_suite,no,northeast,115,mon
16,$129277.44,office_suite,yes,northeast,450,mon
45,$117016.78,office_suite,yes,midwest,227,sun
30,$234898.38,office_suite,yes,northeast,165,wed
84,$167469.63,office_suite,yes,northeast,18,sun
82,$15288.46,office_suite,no,south,10,thu
37,$146416.71,office_suite,yes,south,115,thu
64,$144377.72,office_suite,no,midwest,381,sun
39,$212312.75,office_suite,no,northeast,59,thu
69,$8364.74,office_suite,no,west,281,mon
26,$193834.18,office_suite,no,west,468,mon
30,$139345.58,office_suite,no,midwest,486,tue
82,$236716.6,office_suite,no,northeast,5,mon
13,$234041.35,office_suite,yes,south,46,tue
20,$84465.62,office_suite,no,midwest,271,tue
28,$118970.26,office_suite,yes,midwest,407,sun
14,$113999.68,office_suite,no,west,292,thu
50,$103421.35,office_suite,no,west,269,fri
48,$159957.02,office_suite,no,midwest,293,thu
43,$144779.1,office_suite,no,south,187,tue
13,$66222.61,office_suite,yes,midwest,82,thu
38,$86923.6,office_suite,no,south,164,wed
49,$134612.33,office_suite,no,midwest,445,fri
56,$206083.18,office_suite,no,northeast,198,wed
42,$38039.05,office_suite,no,northeast,219,sat
49,$7701.09,office_suite,no,west,343,thu
77,$212339.75,office_suite,yes,south,215,thu
42,$215945.04,office_suite,no,midwest,264,tue
30,$24330.08,office_suite,no,south,262,mon
16,$41546.7,office_suite,yes,south,4,wed
66,$88158.36,office_suite,no,midwest,372,sat
81,$58448.91,office_suite,no,south,284,mon
83,$45645.39,office_suite,yes,south,10,sat
75,$179012.22,office_suite,yes,northeast,355,thu
31,$215845.87,office_suite,yes,midwest,408,sat
68,$187810.96,office_suite,yes,midwest,11,thu
79,$189348.57,office_suite,no,northeast,19,thu
84,$55220.18,office_suite,yes,midwest,21,sun
56,$32347.84,office_suite,no,south,189,fri
22,$235203.14,office_suite,yes,midwest,321,wed
32,$80318.23,office_suite,yes,midwest,483,fri
66,$116102.25,office_suite,yes,south,316,wed
41,$199650.32,office_suite,no,west,372,tue
84,$243868.46,office_suite,yes,west,171,mon
84,$145411.93,office_suite,yes,midwest,92,tue
33,$42015.31,office_suite,no,south,298,sun
19,$118907.14,office_suite,no,northeast,24,fri
60,$193030.32,office_suite,no,midwest,460,wed
51,$204758.13,office_suite,yes,south,6,sat
63,$129540.41,office_suite,yes,midwest,121,thu
69,$199384.77,office_suite,no,south,109,mon
42,$148754.54,office_suite,yes,west,307,tue
70,$16011.65,office_suite,no,northeast,29,thu
37,$34774.4,office_suite,no,west,158,thu
58,$29919.7,office_suite,yes,west,39,fri
32,$163429.31,office_suite,no,west,94,sun
26,$144262.38,office_suite,yes,south,257,thu
76,$164592.91,office_suite,no,south,428,sun
74,$228413.39,office_suite,yes,west,34,mon
33,$85345.3,office_suite,yes,northeast,449,tue
63,$4666.38,office_suite,no,midwest,369,tue
48,$168860.68,office_suite,yes,south,181,fri
19,$249476.62,office_suite,no,northeast,274,wed
23,$189218.24,office_suite,yes,west,60,mon
25,$24041.56,office_suite,yes,west,1,mon
45,$175293.88,office_suite,no,midwest,90,wed
29,$3770.21,office_suite,no,northeast,314,sun
53,$189381.43,office_suite,yes,northeast,219,fri
40,$236102.74,office_suite,no,midwest,82,sun
27,$232268.02,office_suite,no,midwest,486,thu
21,$241404.03,office_suite,no,south,431,tue
53,$147907.25,office_suite,no,south,385,thu
71,$12672.18,office_suite,no,northeast,147,sun
31,$67493.83,office_suite,no,midwest,138,thu
57,$198409.11,office_suite,no,west,243,mon
38,$68491.5,office_suite,no,northeast,481,sun
31,$101263.4,office_suite,yes,northeast,61,thu
19,$73164.48,office_suite,no,midwest,48,tue
47,$28262.56,office_suite,yes,south,248,wed
22,$20106.81,office_suite,no,northeast,411,sat
60,$176080.42,office_suite,yes,midwest,474,mon
70,$203362.41,office_suite,no,northeast,314,mon
34,$39192.73,office_suite,yes,midwest,393,tue
49,$63713.7,office_suite,yes,northeast,400,sat
49,$123228.68,office_suite,yes,west,413,thu
27,$171813.48,office_suite,no,south,171,mon
24,$32409.58,office_suite,yes,south,98,fri
53,$242839.93,office_suite,yes,northeast,275,thu
70,$59349.89,office_suite,yes,northeast,253,tue
61,$99723.09,office_suite,yes,northeast,435,sun
33,$130690.55,office_suite,yes,west,391,wed
36,$145353.33,office_suite,no,south,176,thu
56,$57484.72,office_suite,yes,northeast,466,sat
25,$156749.12,office_suite,no,south,339,wed
43,$47084.42,office_suite,yes,northeast,275,sun
58,$161234.87,office_suite,yes,west,305,wed
53,$93137.35,office_suite,no,midwest,22,sat
49,$59460.07,office_suite,no,west,247,sun
43,$204765.99,office_suite,no,west,286,thu
56,$137670.92,office_suite,yes,northeast,109,mon
15,$181972.16,office_suite,no,west,116,sat
44,$146416.52,office_suite,yes,west,139,mon
81,$45578.94,office_suite,no,northeast,374,sat
53,$118634.66,office_suite,no,midwest,70,mon
56,$186795.2,office_suite,no,northeast,480,fri
23,$179926.35,office_suite,no,west,251,fri
84,$10332.43,office_suite,yes,south,434,sat
76,$93651.65,office_suite,yes,west,346,mon
29,$141872.75,office_suite,yes,midwest,35,thu
60,$244898.35,office_suite,no,northeast,199,sun
79,$57200.6,office_suite,no,west,294,thu
13,$230002.62,office_suite,yes,west,360,fri
43,$11432.75,office_suite,no,west,270,wed
30,$192516.66,office_suite,no,south,167,fri
21,$166447.79,office_suite,no,northeast,417,tue
20,$173079.71,office_suite,yes,south,393,fri
27,$123314.92,office_suite,yes,west,383,sun
59,$20783.65,office_suite,no,midwest,195,tue
67,$89952.15,office_suite,yes,south,344,sun
78,$188618.69,office_suite,no,south,189,wed
22,$159705.05,office_suite,no,northeast,431,sat
57,$190405.7,office_suite,no,west,233,wed
52,$206130.76,office_suite,yes,west,100,thu
70,$140947.9,office_suite,no,northeast,153,sat
60,$95285.14,office_suite,no,south,342,sat
65,$66452.19,office_suite,yes,northeast,421,sat
18,$209999.46,office_suite,no,west,160,fri
20,$72537.36,office_suite,no,northeast,378,thu
72,$166586.36,office_suite,yes,south,86,fri
16,$241385.12,office_suite,no,south,22,mon
75,$208151.9,office_suite,no,west,49,wed
60,$180996.48,office_suite,yes,south,339,wed
49,$137843.48,office_suite,no,northeast,233,fri
43,$24039.7,office_suite,yes,west,271,fri
59,$229132.64,office_suite,no,northeast,315,fri
58,$103162.01,office_suite,no,northeast,461,sat
85,$50732.85,office_suite,yes,northeast,471,thu
53,$188816.94,office_suite,yes,west,183,wed
55,$57689.26,office_suite,no,midwest,426,sun
81,$185897.19,office_suite,no,west,87,mon
61,$161762.68,office_suite,yes,south,180,wed
47,$26108.02,office_suite,yes,west,428,tue
63,$78527.03,office_suite,yes,midwest,396,wed
85,$232972.36,office_suite,no,south,222,thu
68,$238580.13,office_suite,yes,midwest,254,fri
40,$232197.2,office_suite,no,south,176,thu
53,$131596.69,office_suite,yes,west,374,wed
71,$8275.0,office_suite,yes,midwest,277,fri
83,$197523.02,office_suite,yes,midwest,95,wed
36,$82686.85,office_suite,yes,midwest,26,sat
84,$166686.64,office_suite,yes,west,477,tue
23,$35576.69,office_suite,no,west,12,sun
77,$4574.59,office_suite,no,west,386,sat
23,$158587.05,office_suite,yes,midwest,289,wed
84,$127332.39,office_suite,no,midwest,85,thu
69,$42147.27,office_suite,no,northeast,271,sat
58,$123513.15,office_suite,yes,west,34,thu
58,$64977.1,office_suite,yes,south,368,sun
70,$5729.34,office_suite,no,midwest,289,fri
24,$58574.93,office_suite,no,south,387,tue
54,$142262.96,office_suite,yes,south,376,mon
74,$103689.45,office_suite,yes,midwest,103,mon
42,$231.43,office_suite,no,west,452,sat
19,$232971.04,office_suite,yes,northeast,44,fri
20,$12497.17,office_suite,yes,midwest,452,mon
42,$228694.59,office_suite,no,northeast,324,sun
82,$232086.76,office_suite,yes,west,16,mon
31,$235641.88,office_suite,yes,south,134,sat
24,$109929.73,office_suite,yes,south,477,thu
13,$94300.31,office_suite,yes,midwest,498,tue
83,$198370.73,office_suite,yes,northeast,356,tue
83,$129369.82,office_suite,no,west,339,tue
64,$128128.2,office_suite,no,south,269,thu
34,$178033.65,office_suite,no,west,115,mon
46,$4273.21,office_suite,no,midwest,462,tue
32,$4748.56,office_suite,yes,midwest,109,wed
28,$162998.29,office_suite,yes,northeast,22,wed
15,$90323.57,office_suite,yes,midwest,219,tue
49,$116792.93,office_suite,no,northeast,50,mon
33,$14856.64,office_suite,yes,midwest,338,wed
47,$205460.46,office_suite,yes,northeast,174,wed
44,$189892.51,office_suite,no,midwest,208,sun
25,$204236.7,office_suite,no,northeast,130,wed
25,$68070.16,office_suite,no,west,225,sat
65,$119349.12,office_suite,yes,south,398,thu
69,$84657.77,office_suite,yes,south,73,sun
36,$209887.37,office_suite,yes,northeast,77,fri
73,$159172.29,office_suite,no,west,471,mon
55,$98350.74,office_suite,yes,northeast,183,sun
84,$189872.11,office_suite,yes,midwest,216,thu
45,$198153.27,office_suite,yes,midwest,159,sun
67,$55437.44,office_suite,yes,midwest,33,fri
68,$146971.6,office_suite,no,south,63,wed
39,$203986.77,office_suite,no,south,347,sun
31,$141698.2,office_suite,yes,northeast,375,fri
58,$110264.14,office_suite,no,midwest,337,fri
55,$61121.78,office_suite,no,south,31,thu
40,$167936.62,office_suite,no,northeast,264,sun
23,$125105.89,office_suite,yes,midwest,8,wed
37,$25214.44,office_suite,yes,midwest,137,thu
26,$80767.7,office_suite,no,south,349,thu
57,$24069.58,office_suite,no,west,87,mon
18,$153946.9,office_suite,yes,northeast,243,sun
28,$210596.81,office_suite,yes,west,124,fri
48,$117899.67,office_suite,yes,northeast,141,wed
74,$64742.1,office_suite,no,west,287,sun
79,$130660.57,office_suite,yes,west,410,tue
36,$124392.5,office_suite,yes,west,128,sat
85,$240174.61,office_suite,yes,northeast,388,sun
42,$53953.97,office_suite,yes,west,435,tue
17,$22359.37,office_suite,no,northeast,161,wed
59,$49775.62,office_suite,yes,south,369,tue
65,$108530.02,office_suite,no,midwest,457,thu
29,$207448.72,office_suite,yes,south,412,sat
39,$146491.64,office_suite,yes,midwest,192,tue
50,$119566.6,office_suite,yes,northeast,317,wed
57,$225155.16,office_suite,yes,west,200,mon
68,$65278.78,office_suite,no,south,95,thu
48,$224391.95,office_suite,yes,west,309,sat
85,$238636.2,office_suite,no,west,47,thu
80,$153431.97,office_suite,no,south,227,fri
41,$134199.89,office_suite,no,northeast,414,sat
78,$35603.52,office_suite,yes,south,380,sat
53,$190863.36,office_suite,no,northeast,74,sat
79,$19678.78,office_suite,yes,south,105,thu
55,$53908.62,office_suite,no,midwest,273,sat
51,$21187.37,office_suite,no,midwest,488,fri
69,$212009.11,office_suite,no,south,377,tue
73,$203549.79,office_suite,yes,west,198,sat
30,$204530.14,office_suite,yes,northeast,146,thu
18,$71006.32,office_suite,no,midwest,351,tue
20,$202009.23,office_suite,yes,midwest,158,sun
36,$239952.67,office_suite,yes,midwest,38,wed
34,$133225.07,office_suite,yes,northeast,408,thu
32,$148866.35,office_suite,no,northeast,241,fri
59,$141089.11,office_suite,yes,northeast,258,sat
48,$116103.41,office_suite,no,northeast,146,fri
29,$165260.64,office_suite,no,northeast,328,mon
71,$99585.16,office_suite,no,south,369,thu
69,$223982.1,office_suite,no,midwest,314,sat
62,$129918.02,office_suite,no,midwest,465,thu
40,$347.63,office_suite,no,south,256,sun
79,$8346.56,office_suite,no,northeast,339,sat
35,$70607.37,office_suite,yes,south,328,thu
37,$227722.6,office_suite,yes,south,252,sun
85,$63161.07,office_suite,yes,west,323,wed
82,$163684.33,office_suite,no,northeast,60,thu
43,$155606.52,office_suite,yes,west,125,wed
67,$126432.22,office_suite,no,south,123,tue
19,$91271.41,office_suite,yes,midwest,344,tue
33,$129517.13,office_suite,yes,northeast,4,sun
80,$137127.59,office_suite,no,northeast,420,mon
82,$238334.2,office_suite,no,midwest,283,sat
20,$40517.32,office_suite,yes,northeast,217,fri
21,$208101.74,office_suite,no,midwest,76,fri
75,$121319.46,office_suite,no,west,345,sun
72,$231465.49,office_suite,no,west,499,tue
51,$110838.65,office_suite,no,west,408,mon
80,$142617.3,office_suite,yes,northeast,406,thu
40,$152149.39,office_suite,yes,west,221,tue
28,$206944.75,office_suite,no,northeast,396,mon
77,$143432.03,office_suite,yes,south,228,fri
26,$178220.45,office_suite,yes,midwest,364,mon
22,$27551.37,office_suite,yes,northeast,356,sun
47,$240896.33,office_suite,yes,midwest,73,thu
79,$56187.74,office_suite,yes,west,66,wed
46,$57779.04,office_suite,no,midwest,42,mon
51,$22350.05,office_suite,yes,west,283,fri
39,$32644.37,office_suite,yes,west,261,wed
61,$220129.68,office_suite,no,south,53,sat
53,$144460.93,office_suite,yes,midwest,297,wed
21,$142475.37,office_suite,yes,midwest,38,tue
72,$170979.86,office_suite,no,west,143,wed
25,$224279.96,office_suite,yes,south,497,mon
52,$212821.11,office_suite,yes,northeast,214,fri
62,$7166.1,office_suite,no,south,56,fri
45,$174992.65,office_suite,no,west,207,mon
52,$171589.44,office_suite,no,northeast,153,sun
46,$44376.81,office_suite,no,midwest,233,fri
59,$43509.51,office_suite,yes,midwest,23,tue
15,$171470.87,office_suite,yes,south,374,mon
49,$189883.85,office_suite,no,west,221,wed
36,$242267.75,office_suite,no,midwest,16,wed
22,$244208.31,office_suite,yes,midwest,394,fri
59,$86553.54,office_suite,yes,west,430,sat
73,$105556.09,office_suite,no,northeast,420,wed
82,$179498.48,office_suite,yes,south,477,thu
73,$139681.75,office_suite,yes,south,92,sun
80,$57281.13,office_suite,no,northeast,205,fri
24,$52004.01,office_suite,no,south,275,tue
60,$205112.72,office_suite,no,midwest,436,wed
28,$85044.23,office_suite,no,south,216,sun
27,$159500.16,office_suite,no,south,25,mon
30,$98977.75,office_suite,yes,northeast,221,mon
73,$229706.91,office_suite,no,south,193,mon
77,$71104.72,office_suite,yes,midwest,152,sun
85,$131420.25,office_suite,no,west,483,thu
73,$214216.74,office_suite,no,west,97,tue
37,$215059.26,office_suite,no,midwest,350,fri
51,$177075.74,office_suite,yes,west,418,sat
84,$120075.54,office_suite,yes,south,350,sun
83,$59533.18,office_suite,no,northeast,135,mon
21,$120273.87,office_suite,yes,northeast,166,wed
41,$28375.22,office_suite,yes,south,412,thu
64,$186270.89,office_suite,yes,midwest,315,tue
78,$20817.49,office_suite,no,south,230,fri
20,$226984.23,office_suite,yes,northeast,490,fri
33,$154205.17,office_suite,no,midwest,318,thu
47,$192571.65,office_suite,yes,northeast,402,sat
51,$246336.88,office_suite,no,south,269,thu
78,$115944.88,office_suite,no,northeast,93,mon
82,$41722.2,office_suite,no,west,203,sat
61,$62413.79,office_suite,yes,northeast,483,tue
57,$205748.32,office_suite,yes,midwest,446,fri
79,$150038.61,office_suite,no,midwest,73,wed
56,$69942.76,office_suite,yes,midwest,122,sat
13,$152558.26,office_suite,no,west,140,wed
54,$43884.07,office_suite,no,south,323,tue
72,$223304.85,office_suite,no,midwest,436,mon
30,$232537.01,office_suite,yes,south,278,sun
28,$84463.22,office_suite,no,northeast,183,sat
74,$6693.27,office_suite,yes,south,197,thu
23,$175362.31,office_suite,no,south,118,mon
80,$80886.19,office_suite,yes,west,172,wed
85,$136402.35,office_suite,yes,midwest,431,sun
48,$27758.86,office_suite,no,midwest,202,sat
62,$139010.21,office_suite,no,northeast,421,thu
77,$67122.48,office_suite,no,west,64,tue
72,$174139.84,office_suite,yes,south,424,fri
36,$122184.01,office_suite,yes,midwest,264,wed
35,$2501.39,office_suite,no,midwest,285,sat
31,$236564.74,office_suite,no,west,304,mon
70,$157583.25,office_suite,yes,northeast,23,mon
56,$202127.07,office_suite,yes,west,380,sun
38,$169221.71,office_suite,yes,midwest,63,thu
63,$7972.18,office_suite,no,south,335,sat
81,$107298.74,office_suite,yes,northeast,476,sun
51,$219311.42,office_suite,yes,south,347,sat
76,$149679.48,office_suite,yes,south,13,tue
16,$188056.52,office_suite,yes,south,57,sun
58,$186470.19,office_suite,yes,northeast,376,sun
80,$115486.6,office_suite,no,northeast,347,sun
31,$164513.15,office_suite,no,northeast,377,fri
37,$242938.34,office_suite,yes,midwest,11,sun
55,$164392.98,office_suite,no,west,397,tue
81,$99950.55,office_suite,yes,south,383,fri
30,$138807.84,office_suite,yes,south,54,sun
24,$239445.8,office_suite,no,midwest,211,sat
70,$174385.64,office_suite,yes,midwest,184,tue
74,$69763.08,office_suite,yes,west,321,mon
40,$89394.63,office_suite,no,midwest,453,sun
21,$70239.62,office_suite,yes,south,169,sun
23,$44518.33,office_suite,yes,northeast,34,fri
80,$244668.14,office_suite,yes,midwest,371,wed
75,$40656.99,office_suite,no,northeast,114,sat
63,$230095.01,office_suite,yes,south,103,tue
21,$144977.4,office_suite,no,northeast,104,tue
28,$230862.55,office_suite,no,northeast,211,sun
59,$190420.41,office_suite,no,south,17,tue
48,$184532.92,office_suite,yes,south,288,fri
55,$143921.01,office_suite,yes,west,171,wed
29,$163358.38,office_suite,no,midwest,468,mon
54,$228798.97,office_suite,yes,south,396,wed
32,$55350.31,office_suite,no,west,15,tue
31,$60191.74,office_suite,no,midwest,231,wed
14,$156215.35,office_suite,yes,midwest,339,wed
75,$7205.9,office_suite,yes,midwest,66,sat
65,$150964.21,office_suite,yes,midwest,83,sun
26,$167146.87,office_suite,no,northeast,254,sun
16,$121148.55,office_suite,no,northeast,323,sun
65,$227985.44,office_suite,no,northeast,468,mon
76,$147940.94,office_suite,no,west,402,mon
84,$112372.94,office_suite,yes,northeast,362,sat
15,$199171.38,office_suite,no,south,469,wed
23,$62338.25,office_suite,yes,northeast,192,tue
56,$85713.36,office_suite,no,midwest,460,wed
73,$95793.42,office_suite,no,west,52,sat
23,$171066.36,office_suite,no,south,275,sat
72,$93671.21,office_suite,no,northeast,54,sun
58,$78270.47,office_suite,no,south,287,wed
63,$69855.81,office_suite,yes,west,164,wed
71,$10442.87,office_suite,no,south,330,mon
67,$118679.32,office_suite,no,northeast,458,wed
13,$144643.72,office_suite,no,south,45,tue
56,$195228.75,office_suite,yes,west,230,tue
80,$89211.46,office_suite,yes,south,310,mon
41,$45170.51,office_suite,no,midwest,423,fri
67,$189838.96,office_suite,yes,midwest,334,tue
38,$10670.87,office_suite,yes,south,470,sun
33,$43777.39,office_suite,no,northeast,1,sat
24,$209140.37,office_suite,no,south,330,mon
33,$293.68,office_suite,yes,northeast,376,wed
42,$111740.72,office_suite,yes,midwest,440,tue
25,$157622.43,office_suite,no,south,218,thu
58,$117517.65,office_suite,yes,northeast,398,thu
